rank,roi,name,network,n_vertices,mean_abs_diff,mean_signed_diff_bumbo_minus_tarol
1,102,7Networks_RH_Vis_2,Vis,103,0.06381270289421082,-0.05874184891581535
2,1,7Networks_LH_Vis_1,Vis,124,0.05134275183081627,-0.047373805195093155
3,100,7Networks_LH_Default_PHC_1,Default,80,0.04324750229716301,-0.039381034672260284
4,103,7Networks_RH_Vis_3,Vis,153,0.04269503429532051,-0.038086287677288055
5,189,7Networks_RH_Default_Temp_5,Default,76,0.04203680902719498,0.03658786788582802
6,80,7Networks_LH_Default_Par_2,Default,88,0.03882363438606262,-0.01308532990515232
7,115,7Networks_RH_Vis_15,Vis,70,0.03865524008870125,-0.03307352215051651
8,96,7Networks_LH_Default_pCunPCC_1,Default,80,0.038421500474214554,-0.030909085646271706
9,78,7Networks_LH_Default_Temp_5,Default,140,0.037600960582494736,0.028574643656611443
10,190,7Networks_RH_Default_PFCv_1,Default,101,0.03716228902339935,0.029895514249801636
11,77,7Networks_LH_Default_Temp_4,Default,108,0.03629101440310478,0.02240978367626667
12,198,7Networks_RH_Default_pCunPCC_1,Default,30,0.035703156143426895,-0.032246511429548264
13,187,7Networks_RH_Default_Temp_3,Default,88,0.035471297800540924,0.030856121331453323
14,148,7Networks_RH_SalVentAttn_TempOccPar_1,SalVentAttn,75,0.03450184315443039,0.03154103457927704
15,2,7Networks_LH_Vis_2,Vis,147,0.033070553094148636,-0.025693709030747414
16,181,7Networks_RH_Cont_PFCmp_2,Cont,83,0.03266535699367523,0.024581873789429665
17,111,7Networks_RH_Vis_11,Vis,87,0.0319821871817112,-0.026157502084970474
18,136,7Networks_RH_DorsAttn_Post_2,DorsAttn,132,0.031317297369241714,0.025706298649311066
19,79,7Networks_LH_Default_Par_1,Default,85,0.029712488874793053,0.01793632097542286
20,116,7Networks_RH_SomMot_1,SomMot,63,0.029337922111153603,-0.0150223383679986
21,101,7Networks_RH_Vis_1,Vis,88,0.029156850650906563,-0.017551636323332787
22,32,7Networks_LH_DorsAttn_Post_2,DorsAttn,120,0.028485136106610298,0.0057787601836025715
23,91,7Networks_LH_Default_PFC_9,Default,53,0.02824069932103157,-6.192660657688975e-05
24,11,7Networks_LH_Vis_11,Vis,130,0.028229059651494026,-0.023100584745407104
25,112,7Networks_RH_Vis_12,Vis,128,0.028174877166748047,-0.024746855720877647
26,182,7Networks_RH_Default_Par_1,Default,77,0.028083423152565956,0.001285756123252213
27,185,7Networks_RH_Default_Temp_1,Default,100,0.028033249080181122,0.020858511328697205
28,95,7Networks_LH_Default_PFC_13,Default,66,0.027492690831422806,0.006649235263466835
29,107,7Networks_RH_Vis_7,Vis,84,0.027232544496655464,-0.017010554671287537
30,114,7Networks_RH_Vis_14,Vis,62,0.027164600789546967,-0.021163051947951317
31,149,7Networks_RH_SalVentAttn_TempOccPar_2,SalVentAttn,101,0.027075225487351418,0.022207433357834816
32,194,7Networks_RH_Default_PFCdPFCm_4,Default,104,0.026946505531668663,0.022230319678783417
33,188,7Networks_RH_Default_Temp_4,Default,39,0.026934728026390076,0.02151995711028576
34,158,7Networks_RH_SalVentAttn_Med_3,SalVentAttn,76,0.026356210932135582,0.017380300909280777
35,87,7Networks_LH_Default_PFC_5,Default,106,0.026277003809809685,0.01883404143154621
36,195,7Networks_RH_Default_PFCdPFCm_5,Default,45,0.026039330288767815,0.00399197218939662
37,70,7Networks_LH_Cont_PFCl_5,Cont,96,0.026003515347838402,0.017980016767978668
38,9,7Networks_LH_Vis_9,Vis,155,0.025973916053771973,-0.019934698939323425
39,14,7Networks_LH_Vis_14,Vis,82,0.024763548746705055,-0.017932947725057602
40,76,7Networks_LH_Default_Temp_3,Default,100,0.024747617542743683,0.01838662475347519
41,110,7Networks_RH_Vis_10,Vis,75,0.02461654134094715,-0.016719762235879898
42,105,7Networks_RH_Vis_5,Vis,72,0.02433674968779087,0.008291242644190788
43,81,7Networks_LH_Default_Par_3,Default,92,0.02421308122575283,0.016529342159628868
44,99,7Networks_LH_Default_pCunPCC_4,Default,89,0.02410902827978134,-0.0037862947210669518
45,15,7Networks_LH_SomMot_1,SomMot,72,0.02347583882510662,-0.005916902795433998
46,106,7Networks_RH_Vis_6,Vis,129,0.023336904123425484,-0.014882616698741913
47,6,7Networks_LH_Vis_6,Vis,69,0.023328766226768494,-0.014580251649022102
48,140,7Networks_RH_DorsAttn_Post_6,DorsAttn,75,0.0231503676623106,-0.006139583420008421
49,176,7Networks_RH_Cont_PFCl_7,Cont,83,0.022893717512488365,0.01773684471845627
50,183,7Networks_RH_Default_Par_2,Default,135,0.022655609995126724,0.018460631370544434
51,74,7Networks_LH_Default_Temp_1,Default,130,0.02264322340488434,0.01157810166478157
52,85,7Networks_LH_Default_PFC_3,Default,84,0.02258463203907013,0.016105905175209045
53,193,7Networks_RH_Default_PFCdPFCm_3,Default,37,0.02246813289821148,0.001920977607369423
54,151,7Networks_RH_SalVentAttn_PrC_1,SalVentAttn,61,0.02227238193154335,0.014419594779610634
55,16,7Networks_LH_SomMot_2,SomMot,109,0.022064222022891045,-0.01691318303346634
56,12,7Networks_LH_Vis_12,Vis,87,0.021613113582134247,-0.014037033542990685
57,10,7Networks_LH_Vis_10,Vis,174,0.021515004336833954,-0.01730894297361374
58,142,7Networks_RH_DorsAttn_Post_8,DorsAttn,141,0.02150025963783264,-0.004706293810158968
59,197,7Networks_RH_Default_PFCdPFCm_7,Default,37,0.021436911076307297,-0.011947235092520714
60,89,7Networks_LH_Default_PFC_7,Default,100,0.021431703120470047,0.01057653222233057
61,30,7Networks_LH_SomMot_16,SomMot,89,0.021365243941545486,-0.003206862136721611
62,4,7Networks_LH_Vis_4,Vis,99,0.021311938762664795,-0.015158060938119888
63,166,7Networks_RH_Cont_Par_2,Cont,47,0.020965496078133583,0.01131406333297491
64,168,7Networks_RH_Cont_Temp_1,Cont,84,0.02079680748283863,0.006183568853884935
65,92,7Networks_LH_Default_PFC_10,Default,48,0.02073853835463524,0.0007959914510138333
66,83,7Networks_LH_Default_PFC_1,Default,87,0.020324526354670525,0.012635579332709312
67,186,7Networks_RH_Default_Temp_2,Default,96,0.020114535465836525,0.01659240759909153
68,174,7Networks_RH_Cont_PFCl_5,Cont,94,0.020111065357923508,0.00934410560876131
69,31,7Networks_LH_DorsAttn_Post_1,DorsAttn,149,0.019893871620297432,0.006322961300611496
70,60,7Networks_LH_Limbic_TempPole_4,Limbic,45,0.019891103729605675,-0.007990543730556965
71,117,7Networks_RH_SomMot_2,SomMot,70,0.01979326456785202,-0.005221621133387089
72,169,7Networks_RH_Cont_PFCv_1,Cont,43,0.01967334933578968,0.0014804310631006956
73,71,7Networks_LH_Cont_pCun_1,Cont,93,0.019582001492381096,-0.0037156217731535435
74,177,7Networks_RH_Cont_pCun_1,Cont,87,0.019313769415020943,-0.009295115247368813
75,33,7Networks_LH_DorsAttn_Post_3,DorsAttn,95,0.01903323456645012,-0.006955343764275312
76,138,7Networks_RH_DorsAttn_Post_4,DorsAttn,73,0.01901526376605034,0.009631232358515263
77,147,7Networks_RH_DorsAttn_PrCv_1,DorsAttn,76,0.01891002617776394,0.014913973398506641
78,127,7Networks_RH_SomMot_12,SomMot,68,0.01888526976108551,0.011835957877337933
79,104,7Networks_RH_Vis_4,Vis,77,0.018728921189904213,-0.015532582998275757
80,139,7Networks_RH_DorsAttn_Post_5,DorsAttn,100,0.018590779975056648,0.013927110470831394
81,109,7Networks_RH_Vis_9,Vis,105,0.018576378002762794,-0.012436021119356155
82,180,7Networks_RH_Cont_PFCmp_1,Cont,89,0.018412968143820763,0.011226356029510498
83,90,7Networks_LH_Default_PFC_8,Default,68,0.01816343329846859,-0.0030424240976572037
84,199,7Networks_RH_Default_pCunPCC_2,Default,97,0.01812811568379402,-0.00482901930809021
85,167,7Networks_RH_Cont_Par_3,Cont,105,0.018117351457476616,-0.006314604077488184
86,135,7Networks_RH_DorsAttn_Post_1,DorsAttn,125,0.018108420073986053,0.004395258147269487
87,5,7Networks_LH_Vis_5,Vis,136,0.01795046776533127,-0.003134382190182805
88,97,7Networks_LH_Default_pCunPCC_2,Default,108,0.01794547587633133,-0.004030250012874603
89,25,7Networks_LH_SomMot_11,SomMot,97,0.017759740352630615,0.009176533669233322
90,108,7Networks_RH_Vis_8,Vis,130,0.017748333513736725,-0.0033959473948925734
91,75,7Networks_LH_Default_Temp_2,Default,113,0.017636796459555626,0.011378058232367039
92,141,7Networks_RH_DorsAttn_Post_7,DorsAttn,121,0.017623720690608025,0.003146231174468994
93,146,7Networks_RH_DorsAttn_FEF_2,DorsAttn,90,0.017622441053390503,-0.0009995826985687017
94,113,7Networks_RH_Vis_13,Vis,56,0.01758662238717079,-0.013192783109843731
95,13,7Networks_LH_Vis_13,Vis,143,0.017486391589045525,-0.012885422445833683
96,3,7Networks_LH_Vis_3,Vis,120,0.017379404976963997,-0.002145265694707632
97,24,7Networks_LH_SomMot_10,SomMot,156,0.017222413793206215,0.011378158815205097
98,93,7Networks_LH_Default_PFC_11,Default,64,0.017067374661564827,0.002778767142444849
99,34,7Networks_LH_DorsAttn_Post_4,DorsAttn,110,0.016932278871536255,0.006751715205609798
100,94,7Networks_LH_Default_PFC_12,Default,88,0.016841985285282135,-0.006023355294018984
101,134,7Networks_RH_SomMot_19,SomMot,57,0.01683492213487625,0.011203408241271973
102,179,7Networks_RH_Cont_Cing_2,Cont,64,0.016423001885414124,0.001321244053542614
103,192,7Networks_RH_Default_PFCdPFCm_2,Default,65,0.016328318044543266,0.0016597219510003924
104,163,7Networks_RH_Limbic_TempPole_2,Limbic,103,0.016321612522006035,0.005656283348798752
105,88,7Networks_LH_Default_PFC_6,Default,91,0.01628524251282215,0.0021656318567693233
106,72,7Networks_LH_Cont_Cing_1,Cont,58,0.016280921176075935,0.0012742718681693077
107,178,7Networks_RH_Cont_Cing_1,Cont,81,0.01627698354423046,0.0024032650981098413
108,84,7Networks_LH_Default_PFC_2,Default,103,0.016269242390990257,0.0007463320507667959
109,152,7Networks_RH_SalVentAttn_FrOperIns_1,SalVentAttn,60,0.01621429994702339,0.002967228414490819
110,86,7Networks_LH_Default_PFC_4,Default,115,0.016205336898565292,0.0032659396529197693
111,8,7Networks_LH_Vis_8,Vis,138,0.016122765839099884,0.001166141009889543
112,98,7Networks_LH_Default_pCunPCC_3,Default,72,0.016008269041776657,-0.004532334860414267
113,65,7Networks_LH_Cont_OFC_1,Cont,91,0.015938647091388702,-0.0037221817765384912
114,23,7Networks_LH_SomMot_9,SomMot,125,0.015932342037558556,0.01062797661870718
115,26,7Networks_LH_SomMot_12,SomMot,130,0.01591355726122856,0.004792547319084406
116,67,7Networks_LH_Cont_PFCl_2,Cont,88,0.01590193435549736,0.0015297959325835109
117,165,7Networks_RH_Cont_Par_1,Cont,75,0.01572238653898239,0.009183821268379688
118,137,7Networks_RH_DorsAttn_Post_3,DorsAttn,74,0.015716886147856712,0.009062262251973152
119,173,7Networks_RH_Cont_PFCl_4,Cont,116,0.015682125464081764,0.006329123396426439
120,143,7Networks_RH_DorsAttn_Post_9,DorsAttn,156,0.015594164840877056,-1.2041857189615257e-05
121,41,7Networks_LH_DorsAttn_FEF_1,DorsAttn,114,0.015537097118794918,0.0037748669274151325
122,160,7Networks_RH_Limbic_OFC_2,Limbic,95,0.015512599609792233,0.005252175498753786
123,52,7Networks_LH_SalVentAttn_Med_1,SalVentAttn,126,0.01546455454081297,0.011584662832319736
124,175,7Networks_RH_Cont_PFCl_6,Cont,66,0.015461502596735954,0.0036744100507348776
125,54,7Networks_LH_SalVentAttn_Med_3,SalVentAttn,88,0.015407347120344639,0.007351371459662914
126,172,7Networks_RH_Cont_PFCl_3,Cont,103,0.01540618296712637,-0.002303222194314003
127,64,7Networks_LH_Cont_Temp_1,Cont,94,0.015337806195020676,0.006613199599087238
128,37,7Networks_LH_DorsAttn_Post_7,DorsAttn,106,0.015324359759688377,-0.003282170509919524
129,51,7Networks_LH_SalVentAttn_PFCl_1,SalVentAttn,137,0.015296711586415768,0.009631757624447346
130,156,7Networks_RH_SalVentAttn_Med_1,SalVentAttn,139,0.015284673310816288,0.00862613134086132
131,38,7Networks_LH_DorsAttn_Post_8,DorsAttn,98,0.01526652928441763,-0.0005807396955788136
132,63,7Networks_LH_Cont_Par_3,Cont,74,0.01526516955345869,0.0014804122038185596
133,144,7Networks_RH_DorsAttn_Post_10,DorsAttn,70,0.01522828545421362,0.006074825301766396
134,82,7Networks_LH_Default_Par_4,Default,162,0.015191572718322277,0.003889985615387559
135,170,7Networks_RH_Cont_PFCl_1,Cont,89,0.015184799209237099,0.004277524072676897
136,7,7Networks_LH_Vis_7,Vis,111,0.014988471753895283,-0.009591707028448582
137,164,7Networks_RH_Limbic_TempPole_3,Limbic,69,0.01494330633431673,-0.005883355159312487
138,39,7Networks_LH_DorsAttn_Post_9,DorsAttn,143,0.01480783149600029,-0.0038634154479950666
139,44,7Networks_LH_SalVentAttn_ParOper_1,SalVentAttn,103,0.014801104553043842,-0.0004732755769509822
140,196,7Networks_RH_Default_PFCdPFCm_6,Default,57,0.014768610708415508,-0.007343648001551628
141,66,7Networks_LH_Cont_PFCl_1,Cont,93,0.014751671813428402,0.0052414205856621265
142,155,7Networks_RH_SalVentAttn_FrOperIns_4,SalVentAttn,117,0.014731407165527344,0.011330957524478436
143,35,7Networks_LH_DorsAttn_Post_5,DorsAttn,103,0.014659724198281765,0.008971473202109337
144,150,7Networks_RH_SalVentAttn_TempOccPar_3,SalVentAttn,131,0.0146406264975667,0.009644608944654465
145,133,7Networks_RH_SomMot_18,SomMot,104,0.014579882845282555,0.00941462628543377
146,162,7Networks_RH_Limbic_TempPole_1,Limbic,85,0.014528870582580566,0.00014146242756396532
147,161,7Networks_RH_Limbic_OFC_3,Limbic,63,0.01445841882377863,-0.0018254767637699842
148,28,7Networks_LH_SomMot_14,SomMot,107,0.014268609695136547,0.005664728581905365
149,128,7Networks_RH_SomMot_13,SomMot,52,0.014124357141554356,0.0066599166020751
150,153,7Networks_RH_SalVentAttn_FrOperIns_2,SalVentAttn,60,0.014095444232225418,0.008581955917179585
151,21,7Networks_LH_SomMot_7,SomMot,118,0.013985942117869854,0.0006972503615543246
152,27,7Networks_LH_SomMot_13,SomMot,90,0.013902475126087666,0.0026253515388816595
153,59,7Networks_LH_Limbic_TempPole_3,Limbic,68,0.013869750313460827,-0.0003295814385637641
154,154,7Networks_RH_SalVentAttn_FrOperIns_3,SalVentAttn,92,0.013752310536801815,0.006821359042078257
155,145,7Networks_RH_DorsAttn_FEF_1,DorsAttn,68,0.013749871402978897,0.004767950624227524
156,200,7Networks_RH_Default_pCunPCC_3,Default,87,0.013742889277637005,-0.004610847216099501
157,132,7Networks_RH_SomMot_17,SomMot,93,0.013609996065497398,0.00751575967296958
158,69,7Networks_LH_Cont_PFCl_4,Cont,140,0.013606473803520203,0.0043272036127746105
159,126,7Networks_RH_SomMot_11,SomMot,71,0.013563747517764568,0.00946124643087387
160,129,7Networks_RH_SomMot_14,SomMot,75,0.013518470339477062,0.00458978395909071
161,29,7Networks_LH_SomMot_15,SomMot,173,0.013391159474849701,0.0029641245491802692
162,42,7Networks_LH_DorsAttn_FEF_2,DorsAttn,94,0.013265823014080524,-0.004844475071877241
163,62,7Networks_LH_Cont_Par_2,Cont,56,0.013154975138604641,0.004214512649923563
164,184,7Networks_RH_Default_Par_3,Default,85,0.013056982308626175,0.00405646488070488
165,53,7Networks_LH_SalVentAttn_Med_2,SalVentAttn,106,0.012947488576173782,-0.0024207409005612135
166,124,7Networks_RH_SomMot_9,SomMot,76,0.01290308777242899,0.0038876200560480356
167,73,7Networks_LH_Cont_Cing_2,Cont,53,0.012858329340815544,0.0035230896901339293
168,131,7Networks_RH_SomMot_16,SomMot,94,0.012815022841095924,0.007441852241754532
169,43,7Networks_LH_DorsAttn_PrCv_1,DorsAttn,84,0.01241134200245142,-0.0033026039600372314
170,49,7Networks_LH_SalVentAttn_FrOperIns_3,SalVentAttn,106,0.012394366785883904,0.0033996496349573135
171,122,7Networks_RH_SomMot_7,SomMot,91,0.012180181220173836,0.0031046608928591013
172,157,7Networks_RH_SalVentAttn_Med_2,SalVentAttn,67,0.011908860877156258,0.003040964249521494
173,58,7Networks_LH_Limbic_TempPole_2,Limbic,133,0.011653541587293148,-0.0020442577078938484
174,61,7Networks_LH_Cont_Par_1,Cont,88,0.011650953441858292,-0.0010526158148422837
175,22,7Networks_LH_SomMot_8,SomMot,121,0.011577385477721691,0.007350631058216095
176,171,7Networks_RH_Cont_PFCl_2,Cont,68,0.011513836681842804,0.003730124793946743
177,120,7Networks_RH_SomMot_5,SomMot,68,0.011447534896433353,0.006154083646833897
178,40,7Networks_LH_DorsAttn_Post_10,DorsAttn,117,0.011353385634720325,0.006609349511563778
179,159,7Networks_RH_Limbic_OFC_1,Limbic,92,0.011202285997569561,0.000226848031161353
180,130,7Networks_RH_SomMot_15,SomMot,72,0.01095559075474739,0.004374054726213217
181,18,7Networks_LH_SomMot_4,SomMot,151,0.010824023745954037,-0.0015871913637965918
182,46,7Networks_LH_SalVentAttn_ParOper_3,SalVentAttn,140,0.01082336250692606,-0.0008762237266637385
183,45,7Networks_LH_SalVentAttn_ParOper_2,SalVentAttn,125,0.01078517735004425,0.0029624137096107006
184,50,7Networks_LH_SalVentAttn_FrOperIns_4,SalVentAttn,85,0.010726098902523518,0.0017804878298193216
185,19,7Networks_LH_SomMot_5,SomMot,118,0.01065374817699194,0.0031318864785134792
186,57,7Networks_LH_Limbic_TempPole_1,Limbic,114,0.010628120973706245,-0.0032011177390813828
187,36,7Networks_LH_DorsAttn_Post_6,DorsAttn,122,0.010444863699376583,0.0017704805359244347
188,125,7Networks_RH_SomMot_10,SomMot,51,0.010170238092541695,0.00560945738106966
189,191,7Networks_RH_Default_PFCdPFCm_1,Default,87,0.010127403773367405,-0.00024762487737461925
190,47,7Networks_LH_SalVentAttn_FrOperIns_1,SalVentAttn,111,0.010029476135969162,0.0045801689848303795
191,48,7Networks_LH_SalVentAttn_FrOperIns_2,SalVentAttn,145,0.009752487763762474,0.003952447324991226
192,119,7Networks_RH_SomMot_4,SomMot,90,0.009707309305667877,0.002063198946416378
193,17,7Networks_LH_SomMot_3,SomMot,137,0.00947085116058588,-0.005526537541300058
194,121,7Networks_RH_SomMot_6,SomMot,72,0.00941125862300396,0.00234396499581635
195,68,7Networks_LH_Cont_PFCl_3,Cont,144,0.009253185242414474,0.0016312553780153394
196,118,7Networks_RH_SomMot_3,SomMot,97,0.009219078347086906,-0.00020947368466295302
197,123,7Networks_RH_SomMot_8,SomMot,64,0.008997935801744461,0.0033130315132439137
198,55,7Networks_LH_Limbic_OFC_1,Limbic,91,0.007923300378024578,0.0021835051011294127
199,56,7Networks_LH_Limbic_OFC_2,Limbic,142,0.007812246680259705,-0.0007459305925294757
200,20,7Networks_LH_SomMot_6,SomMot,134,0.007553595118224621,0.0010845480719581246
201,0,Background,?,1380,0.006838592700660229,-0.0025076272431761026
