rank,roi,name,network,n_vertices,mean_abs_diff,mean_signed_diff,mean_act_bumbo,mean_act_tarol
1,111,7Networks_RH_Vis_11,Vis,87,0.053672224283218384,0.05132042616605759,0.09540907293558121,0.044088639318943024
2,3,7Networks_LH_Vis_3,Vis,120,0.04687633365392685,0.044892121106386185,0.10093968361616135,0.05604755878448486
3,103,7Networks_RH_Vis_3,Vis,153,0.04248331859707832,0.04071121662855148,0.020484967157244682,-0.0202262531965971
4,8,7Networks_LH_Vis_8,Vis,138,0.03934153914451599,0.03598357364535332,-0.0732555091381073,-0.10923907905817032
5,11,7Networks_LH_Vis_11,Vis,130,0.03900676220655441,0.0357198566198349,0.04593028128147125,0.01021043211221695
6,2,7Networks_LH_Vis_2,Vis,147,0.03740977868437767,0.0361502431333065,-0.0027865958400070667,-0.03893683850765228
7,136,7Networks_RH_DorsAttn_Post_2,DorsAttn,132,0.037075482308864594,0.03626472130417824,-0.14495199918746948,-0.18121670186519623
8,142,7Networks_RH_DorsAttn_Post_8,DorsAttn,141,0.03645094856619835,0.03469868376851082,0.16798657178878784,0.1332879215478897
9,9,7Networks_LH_Vis_9,Vis,155,0.03597252815961838,0.03414086252450943,-0.010892918333411217,-0.045033786445856094
10,115,7Networks_RH_Vis_15,Vis,70,0.035796791315078735,0.033361777663230896,0.09351420402526855,0.06015243008732796
11,105,7Networks_RH_Vis_5,Vis,72,0.03482848033308983,0.0332929752767086,-0.028924716636538506,-0.062217697501182556
12,108,7Networks_RH_Vis_8,Vis,130,0.034073807299137115,0.03186992555856705,-0.09479355812072754,-0.12666349112987518
13,32,7Networks_LH_DorsAttn_Post_2,DorsAttn,120,0.03369273617863655,0.03121650218963623,-0.03208722546696663,-0.06330373138189316
14,14,7Networks_LH_Vis_14,Vis,82,0.03295145183801651,0.031972311437129974,0.07901598513126373,0.04704367369413376
15,135,7Networks_RH_DorsAttn_Post_1,DorsAttn,125,0.03237392380833626,0.03115633688867092,0.09507735073566437,0.0639210194349289
16,1,7Networks_LH_Vis_1,Vis,124,0.03173463046550751,0.03126299008727074,0.05048808082938194,0.01922508515417576
17,38,7Networks_LH_DorsAttn_Post_8,DorsAttn,98,0.03105350211262703,0.028395654633641243,0.11887253820896149,0.0904768854379654
18,143,7Networks_RH_DorsAttn_Post_9,DorsAttn,156,0.029680399224162102,0.028572622686624527,0.00355147710070014,-0.0250211451202631
19,114,7Networks_RH_Vis_14,Vis,62,0.0290183387696743,0.026459144428372383,0.11268102377653122,0.08622187376022339
20,102,7Networks_RH_Vis_2,Vis,103,0.028777187690138817,0.027218438684940338,0.022158106788992882,-0.0050603351555764675
21,31,7Networks_LH_DorsAttn_Post_1,DorsAttn,149,0.028466349467635155,0.027337796986103058,-0.027253475040197372,-0.05459127575159073
22,80,7Networks_LH_Default_Par_2,Default,88,0.027996806427836418,0.026397109031677246,-0.11855144053697586,-0.1449485421180725
23,112,7Networks_RH_Vis_12,Vis,128,0.02796151116490364,0.024017101153731346,-0.004382495768368244,-0.028399599716067314
24,37,7Networks_LH_DorsAttn_Post_7,DorsAttn,106,0.0273024532943964,0.02586783468723297,0.06847523897886276,0.04260741174221039
25,33,7Networks_LH_DorsAttn_Post_3,DorsAttn,95,0.027165912091732025,0.026256155222654343,0.08396075665950775,0.05770460516214371
26,101,7Networks_RH_Vis_1,Vis,88,0.026889806613326073,0.026127154007554054,-0.021984940394759178,-0.04811209812760353
27,5,7Networks_LH_Vis_5,Vis,136,0.02546158991754055,0.023603856563568115,-0.1349739134311676,-0.1585777848958969
28,100,7Networks_LH_Default_PHC_1,Default,80,0.02541584149003029,0.023708689957857132,-0.04386921972036362,-0.06757791340351105
29,35,7Networks_LH_DorsAttn_Post_5,DorsAttn,103,0.02495945617556572,0.023253189399838448,0.09516695886850357,0.07191377133131027
30,106,7Networks_RH_Vis_6,Vis,129,0.024776386097073555,0.023423198610544205,-0.13041560351848602,-0.15383878350257874
31,39,7Networks_LH_DorsAttn_Post_9,DorsAttn,143,0.02475307323038578,0.0240666214376688,-0.013414802961051464,-0.03748141974210739
32,79,7Networks_LH_Default_Par_1,Default,85,0.02433316595852375,0.021536199375987053,-0.21089424192905426,-0.23243042826652527
33,41,7Networks_LH_DorsAttn_FEF_1,DorsAttn,114,0.024052709341049194,0.021848605945706367,0.028779329732060432,0.006930721923708916
34,144,7Networks_RH_DorsAttn_Post_10,DorsAttn,70,0.023576393723487854,0.02186555042862892,0.06716452538967133,0.04529896751046181
35,36,7Networks_LH_DorsAttn_Post_6,DorsAttn,122,0.02345617115497589,0.021971320733428,0.1187712624669075,0.09679995477199554
36,194,7Networks_RH_Default_PFCdPFCm_4,Default,104,0.0228133425116539,0.02228419855237007,-0.15443123877048492,-0.1767154037952423
37,34,7Networks_LH_DorsAttn_Post_4,DorsAttn,110,0.02263813093304634,0.021798094734549522,0.05643230304121971,0.03463421389460564
38,141,7Networks_RH_DorsAttn_Post_7,DorsAttn,121,0.02260306105017662,0.02168954350054264,0.1388460397720337,0.1171564906835556
39,145,7Networks_RH_DorsAttn_FEF_1,DorsAttn,68,0.02243427000939846,0.019468458369374275,0.06046896055340767,0.04100050777196884
40,148,7Networks_RH_SalVentAttn_TempOccPar_1,SalVentAttn,75,0.02148638665676117,0.018546951934695244,-0.11920991539955139,-0.1377568542957306
41,40,7Networks_LH_DorsAttn_Post_10,DorsAttn,117,0.02143816463649273,0.020667269825935364,0.04401528462767601,0.023348020389676094
42,30,7Networks_LH_SomMot_16,SomMot,89,0.021223338320851326,0.016095371916890144,0.006614804267883301,-0.009480567649006844
43,139,7Networks_RH_DorsAttn_Post_5,DorsAttn,100,0.02116074599325657,0.020350506529211998,0.08336543291807175,0.0630149245262146
44,134,7Networks_RH_SomMot_19,SomMot,57,0.02097969315946102,0.016431735828518867,0.04850010573863983,0.032068368047475815
45,182,7Networks_RH_Default_Par_1,Default,77,0.02096645161509514,0.019538884982466698,-0.15289515256881714,-0.1724340319633484
46,200,7Networks_RH_Default_pCunPCC_3,Default,87,0.02076415717601776,0.019860368221998215,-0.32904914021492004,-0.34890949726104736
47,81,7Networks_LH_Default_Par_3,Default,92,0.02029714547097683,0.0187696423381567,-0.15535660088062286,-0.17412623763084412
48,107,7Networks_RH_Vis_7,Vis,84,0.020041799172759056,0.017571624368429184,-0.0240471214056015,-0.04161875322461128
49,92,7Networks_LH_Default_PFC_10,Default,48,0.020020486786961555,0.01952246017754078,-0.06762459129095078,-0.0871470496058464
50,149,7Networks_RH_SalVentAttn_TempOccPar_2,SalVentAttn,101,0.01991158165037632,0.01687203347682953,-0.002929023001343012,-0.019801052287220955
51,42,7Networks_LH_DorsAttn_FEF_2,DorsAttn,94,0.019825417548418045,0.018265334889292717,0.014041314832866192,-0.004224023316055536
52,185,7Networks_RH_Default_Temp_1,Default,100,0.019772283732891083,0.018542088568210602,-0.29386278986930847,-0.3124048709869385
53,176,7Networks_RH_Cont_PFCl_7,Cont,83,0.019562793895602226,0.017548980191349983,-0.04800586402416229,-0.06555484980344772
54,99,7Networks_LH_Default_pCunPCC_4,Default,89,0.01949947513639927,0.01860874891281128,-0.21368329226970673,-0.2322920262813568
55,6,7Networks_LH_Vis_6,Vis,69,0.01942581683397293,0.017716556787490845,-0.03273789957165718,-0.050454456359148026
56,140,7Networks_RH_DorsAttn_Post_6,DorsAttn,75,0.019065704196691513,0.015495669096708298,0.05435977876186371,0.03886410966515541
57,131,7Networks_RH_SomMot_16,SomMot,94,0.018926525488495827,0.016508234664797783,0.04960887134075165,0.03310063108801842
58,75,7Networks_LH_Default_Temp_2,Default,113,0.018604043871164322,0.01758713088929653,-0.20681312680244446,-0.22440025210380554
59,74,7Networks_LH_Default_Temp_1,Default,130,0.018275484442710876,0.01616811379790306,-0.27870863676071167,-0.2948767840862274
60,7,7Networks_LH_Vis_7,Vis,111,0.01824055425822735,0.011581359431147575,-0.18194815516471863,-0.19352950155735016
61,13,7Networks_LH_Vis_13,Vis,143,0.018158001825213432,0.009491752833127975,-0.014260216616094112,-0.023751968517899513
62,91,7Networks_LH_Default_PFC_9,Default,53,0.018156105652451515,0.014189720153808594,-0.08711867034435272,-0.10130839049816132
63,173,7Networks_RH_Cont_PFCl_4,Cont,116,0.01812225952744484,0.016721094027161598,-0.004842069931328297,-0.02156316488981247
64,85,7Networks_LH_Default_PFC_3,Default,84,0.01811111532151699,0.016524938866496086,-0.06684526056051254,-0.08337019383907318
65,94,7Networks_LH_Default_PFC_12,Default,88,0.017585255205631256,0.016344653442502022,-0.07397238910198212,-0.09031704068183899
66,195,7Networks_RH_Default_PFCdPFCm_5,Default,45,0.01744508557021618,0.016749784350395203,-0.10564982146024704,-0.12239959836006165
67,110,7Networks_RH_Vis_10,Vis,75,0.017274558544158936,0.01324595045298338,0.013769920915365219,0.0005239713354967535
68,97,7Networks_LH_Default_pCunPCC_2,Default,108,0.01726289838552475,0.01668931357562542,-0.15567325055599213,-0.1723625808954239
69,98,7Networks_LH_Default_pCunPCC_3,Default,72,0.017201397567987442,0.016160644590854645,-0.0614933967590332,-0.07765404134988785
70,183,7Networks_RH_Default_Par_2,Default,135,0.017100131139159203,0.015025164932012558,-0.08886571228504181,-0.10389087349176407
71,190,7Networks_RH_Default_PFCv_1,Default,101,0.017004799097776413,0.016929378733038902,-0.10104549676179886,-0.11797486990690231
72,186,7Networks_RH_Default_Temp_2,Default,96,0.016957253217697144,0.015684686601161957,-0.16724777221679688,-0.18293248116970062
73,138,7Networks_RH_DorsAttn_Post_4,DorsAttn,73,0.016951123252511024,0.015099846757948399,0.05778633430600166,0.04268649220466614
74,53,7Networks_LH_SalVentAttn_Med_2,SalVentAttn,106,0.016830654814839363,0.01577332615852356,-0.015767527744174004,-0.031540852040052414
75,109,7Networks_RH_Vis_9,Vis,105,0.01665675826370716,0.0054184733889997005,-0.01411825604736805,-0.019536729902029037
76,89,7Networks_LH_Default_PFC_7,Default,100,0.016568880528211594,0.015687666833400726,-0.10682803392410278,-0.1225157231092453
77,132,7Networks_RH_SomMot_17,SomMot,93,0.016461480408906937,0.015750978142023087,0.009374401532113552,-0.0063765752129256725
78,28,7Networks_LH_SomMot_14,SomMot,107,0.01645602099597454,0.014838537201285362,0.019876979291439056,0.005038443487137556
79,84,7Networks_LH_Default_PFC_2,Default,103,0.01634833961725235,0.015270289964973927,-0.051575977355241776,-0.06684626638889313
80,88,7Networks_LH_Default_PFC_6,Default,91,0.016342075541615486,0.015168187208473682,-0.020596375688910484,-0.03576456755399704
81,78,7Networks_LH_Default_Temp_5,Default,140,0.016125435009598732,0.014330307021737099,-0.3115486800670624,-0.3258790075778961
82,4,7Networks_LH_Vis_4,Vis,99,0.01612137071788311,0.011585686355829239,0.018957065418362617,0.00737138232216239
83,93,7Networks_LH_Default_PFC_11,Default,64,0.016080478206276894,0.01436461228877306,-0.06726184487342834,-0.08162645995616913
84,46,7Networks_LH_SalVentAttn_ParOper_3,SalVentAttn,140,0.015958745032548904,0.012121040374040604,0.03476667404174805,0.022645629942417145
85,129,7Networks_RH_SomMot_14,SomMot,75,0.015951188281178474,0.014873757027089596,0.08207711577415466,0.06720335781574249
86,120,7Networks_RH_SomMot_5,SomMot,68,0.01577230542898178,-0.0018197549507021904,0.02244890108704567,0.024268655106425285
87,163,7Networks_RH_Limbic_TempPole_2,Limbic,103,0.015689240768551826,0.014477821998298168,-0.1019744798541069,-0.11645229160785675
88,72,7Networks_LH_Cont_Cing_1,Cont,58,0.015621518716216087,0.005963003728538752,-0.05378926545381546,-0.059752270579338074
89,95,7Networks_LH_Default_PFC_13,Default,66,0.015490539371967316,0.012614713050425053,-0.0667182058095932,-0.07933291792869568
90,25,7Networks_LH_SomMot_11,SomMot,97,0.015447229146957397,0.011808891780674458,0.04903174564242363,0.03722284734249115
91,116,7Networks_RH_SomMot_1,SomMot,63,0.01542900875210762,-0.00039342904346995056,-0.09952888637781143,-0.09913546591997147
92,43,7Networks_LH_DorsAttn_PrCv_1,DorsAttn,84,0.015381845645606518,0.013574407435953617,0.005097914021462202,-0.008476493880152702
93,130,7Networks_RH_SomMot_15,SomMot,72,0.01530019473284483,0.013048137538135052,0.061665602028369904,0.04861746355891228
94,29,7Networks_LH_SomMot_15,SomMot,173,0.01518684159964323,0.01310213003307581,0.00941130705177784,-0.0036908246111124754
95,128,7Networks_RH_SomMot_13,SomMot,52,0.01516595110297203,0.01254852581769228,0.053485844284296036,0.040937311947345734
96,96,7Networks_LH_Default_pCunPCC_1,Default,80,0.015150544233620167,0.012804051861166954,-0.07624108344316483,-0.08904513716697693
97,82,7Networks_LH_Default_Par_4,Default,162,0.0151007529348135,0.01297290250658989,-0.06696780025959015,-0.07994071394205093
98,199,7Networks_RH_Default_pCunPCC_2,Default,97,0.015020094811916351,0.014260961674153805,-0.18264007568359375,-0.19690105319023132
99,147,7Networks_RH_DorsAttn_PrCv_1,DorsAttn,76,0.015000306069850922,0.010721825994551182,0.04877232015132904,0.03805050253868103
100,83,7Networks_LH_Default_PFC_1,Default,87,0.014998511411249638,0.012768859043717384,-0.03326369449496269,-0.04603254795074463
101,65,7Networks_LH_Cont_OFC_1,Cont,91,0.014991859905421734,0.012929379008710384,-0.04865270480513573,-0.06158209964632988
102,66,7Networks_LH_Cont_PFCl_1,Cont,93,0.014974004589021206,0.012171145528554916,-0.05856705084443092,-0.07073819637298584
103,177,7Networks_RH_Cont_pCun_1,Cont,87,0.014949060045182705,0.0040917424485087395,-0.034405048936605453,-0.038496796041727066
104,181,7Networks_RH_Cont_PFCmp_2,Cont,83,0.014820501208305359,0.013429681770503521,-0.10247582197189331,-0.1159055233001709
105,12,7Networks_LH_Vis_12,Vis,87,0.014793245121836662,0.009406537748873234,-0.025510670617222786,-0.034917205572128296
106,137,7Networks_RH_DorsAttn_Post_3,DorsAttn,74,0.014775371178984642,0.012553948909044266,0.08661201596260071,0.07405807822942734
107,150,7Networks_RH_SalVentAttn_TempOccPar_3,SalVentAttn,131,0.014711913652718067,0.011578011326491833,0.11280807852745056,0.10123006999492645
108,69,7Networks_LH_Cont_PFCl_4,Cont,140,0.014680142514407635,0.012792034074664116,-0.08703490346670151,-0.09982693940401077
109,50,7Networks_LH_SalVentAttn_FrOperIns_4,SalVentAttn,85,0.014652344398200512,0.010177801363170147,0.019731711596250534,0.009553911164402962
110,146,7Networks_RH_DorsAttn_FEF_2,DorsAttn,90,0.014544427394866943,0.012171344831585884,0.0073234159499406815,-0.004847928415983915
111,193,7Networks_RH_Default_PFCdPFCm_3,Default,37,0.014425341971218586,0.013180103152990341,-0.07707273960113525,-0.0902528390288353
112,63,7Networks_LH_Cont_Par_3,Cont,74,0.014418505132198334,0.011357969604432583,0.006000252906233072,-0.005357715766876936
113,113,7Networks_RH_Vis_13,Vis,56,0.014417626895010471,0.0020257693249732256,-0.013708734884858131,-0.01573450304567814
114,175,7Networks_RH_Cont_PFCl_6,Cont,66,0.014395399950444698,0.00945204310119152,-0.018141955137252808,-0.027594001963734627
115,70,7Networks_LH_Cont_PFCl_5,Cont,96,0.014395137317478657,0.01138371229171753,-0.15103651583194733,-0.16242024302482605
116,127,7Networks_RH_SomMot_12,SomMot,68,0.014365062117576599,0.010840839706361294,0.0020633290987461805,-0.008777513168752193
117,27,7Networks_LH_SomMot_13,SomMot,90,0.014361252076923847,0.011225936003029346,0.014692733064293861,0.003466798458248377
118,178,7Networks_RH_Cont_Cing_1,Cont,81,0.014287274330854416,-0.003999634180217981,-0.03224501758813858,-0.028245383873581886
119,121,7Networks_RH_SomMot_6,SomMot,72,0.014220201410353184,-0.0052980948239564896,-0.002425198443233967,0.002872896147891879
120,125,7Networks_RH_SomMot_10,SomMot,51,0.014081786386668682,0.009949770756065845,0.02663291245698929,0.016683142632246017
121,151,7Networks_RH_SalVentAttn_PrC_1,SalVentAttn,61,0.014067418873310089,0.010209482163190842,0.032479025423526764,0.02226954884827137
122,87,7Networks_LH_Default_PFC_5,Default,106,0.013994122855365276,0.012926070019602776,-0.09866874665021896,-0.11159481853246689
123,45,7Networks_LH_SalVentAttn_ParOper_2,SalVentAttn,125,0.013974558562040329,0.011621586047112942,0.04943101108074188,0.037809424102306366
124,71,7Networks_LH_Cont_pCun_1,Cont,93,0.013931360095739365,0.0042913625948131084,-0.012763762846589088,-0.017055122181773186
125,187,7Networks_RH_Default_Temp_3,Default,88,0.013772040605545044,0.011945217847824097,-0.35666218400001526,-0.36860740184783936
126,160,7Networks_RH_Limbic_OFC_2,Limbic,95,0.013702226802706718,0.010481545701622963,-0.05707551911473274,-0.06755706667900085
127,67,7Networks_LH_Cont_PFCl_2,Cont,88,0.013662481680512428,0.009812960401177406,-0.03367699310183525,-0.043489955365657806
128,44,7Networks_LH_SalVentAttn_ParOper_1,SalVentAttn,103,0.01361700240522623,0.010626344010233879,-0.02693278342485428,-0.03755912557244301
129,61,7Networks_LH_Cont_Par_1,Cont,88,0.01358274556696415,0.011237326078116894,0.0015932447277009487,-0.009644079953432083
130,188,7Networks_RH_Default_Temp_4,Default,39,0.013581997714936733,0.010380257852375507,-0.17166341841220856,-0.1820436716079712
131,76,7Networks_LH_Default_Temp_3,Default,100,0.013569723814725876,0.010628540068864822,-0.31896844506263733,-0.32959702610969543
132,117,7Networks_RH_SomMot_2,SomMot,70,0.013554589822888374,0.0021621622145175934,-0.09089360386133194,-0.09305576235055923
133,26,7Networks_LH_SomMot_12,SomMot,130,0.013530257157981396,0.007022830191999674,0.028332527726888657,0.02130969427525997
134,60,7Networks_LH_Limbic_TempPole_4,Limbic,45,0.013425512239336967,0.010873770341277122,-0.08483587205410004,-0.09570964425802231
135,15,7Networks_LH_SomMot_1,SomMot,72,0.013410834595561028,0.00474154157564044,-0.11948336660861969,-0.12422490119934082
136,104,7Networks_RH_Vis_4,Vis,77,0.013355267234146595,0.003291870467364788,-0.053575485944747925,-0.056867364794015884
137,73,7Networks_LH_Cont_Cing_2,Cont,53,0.01323503814637661,0.007061731535941362,-0.09111065417528152,-0.0981723889708519
138,10,7Networks_LH_Vis_10,Vis,174,0.013079152442514896,0.006912869866937399,0.016921235248446465,0.010008363984525204
139,86,7Networks_LH_Default_PFC_4,Default,115,0.013069353066384792,0.011428123340010643,-0.052052903920412064,-0.06348103284835815
140,57,7Networks_LH_Limbic_TempPole_1,Limbic,114,0.013042532838881016,0.010975432582199574,-0.09403324872255325,-0.10500869154930115
141,133,7Networks_RH_SomMot_18,SomMot,104,0.01298768725246191,0.011177878826856613,-0.007882057689130306,-0.019059939309954643
142,119,7Networks_RH_SomMot_4,SomMot,90,0.012965568341314793,0.004624863155186176,0.024266209453344345,0.019641347229480743
143,197,7Networks_RH_Default_PFCdPFCm_7,Default,37,0.012941716238856316,0.010546120814979076,-0.14861607551574707,-0.15916219353675842
144,155,7Networks_RH_SalVentAttn_FrOperIns_4,SalVentAttn,117,0.012777579948306084,-0.004385596606880426,0.03355912119150162,0.037944719195365906
145,165,7Networks_RH_Cont_Par_1,Cont,75,0.012740246951580048,0.010839622467756271,0.04650423303246498,0.03566461056470871
146,59,7Networks_LH_Limbic_TempPole_3,Limbic,68,0.012722678482532501,0.008981771767139435,-0.10007457435131073,-0.10905634611845016
147,192,7Networks_RH_Default_PFCdPFCm_2,Default,65,0.012705698609352112,0.010757352225482464,-0.04088662564754486,-0.0516439825296402
148,152,7Networks_RH_SalVentAttn_FrOperIns_1,SalVentAttn,60,0.012645860202610493,0.0055311499163508415,0.021347355097532272,0.015816209837794304
149,58,7Networks_LH_Limbic_TempPole_2,Limbic,133,0.012560898438096046,0.011374114081263542,-0.10835155099630356,-0.11972566694021225
150,162,7Networks_RH_Limbic_TempPole_1,Limbic,85,0.012444017454981804,0.010376323014497757,-0.10881496965885162,-0.11919130384922028
151,62,7Networks_LH_Cont_Par_2,Cont,56,0.012399433180689812,0.008571538142859936,-0.01319276075810194,-0.021764298900961876
152,77,7Networks_LH_Default_Temp_4,Default,108,0.012335036881268024,0.010217241011559963,-0.2976225018501282,-0.3078397810459137
153,170,7Networks_RH_Cont_PFCl_1,Cont,89,0.012310806661844254,0.008146974258124828,0.012182597070932388,0.004035625606775284
154,68,7Networks_LH_Cont_PFCl_3,Cont,144,0.01220157090574503,0.006695511285215616,0.03230844810605049,0.02561294101178646
155,184,7Networks_RH_Default_Par_3,Default,85,0.012194863520562649,-0.000769756268709898,-0.029439600184559822,-0.028669845312833786
156,55,7Networks_LH_Limbic_OFC_1,Limbic,91,0.012169226072728634,0.010743486694991589,-0.05001872405409813,-0.06076221168041229
157,174,7Networks_RH_Cont_PFCl_5,Cont,94,0.012151028029620647,0.007947301492094994,0.017173003405332565,0.009225699119269848
158,16,7Networks_LH_SomMot_2,SomMot,109,0.012125362642109394,0.004050597082823515,-0.1039639413356781,-0.1080145388841629
159,191,7Networks_RH_Default_PFCdPFCm_1,Default,87,0.012009836733341217,0.010684026405215263,-0.027030548080801964,-0.03771457076072693
160,24,7Networks_LH_SomMot_10,SomMot,156,0.011923733167350292,0.0013959557982161641,-0.04975513368844986,-0.0511510856449604
161,198,7Networks_RH_Default_pCunPCC_1,Default,30,0.011836818419396877,0.010226060636341572,-0.19681818783283234,-0.20704427361488342
162,17,7Networks_LH_SomMot_3,SomMot,137,0.011810308322310448,-0.0009576724842190742,-0.03170876204967499,-0.03075108863413334
163,158,7Networks_RH_SalVentAttn_Med_3,SalVentAttn,76,0.011701814830303192,0.005262065678834915,-0.030710838735103607,-0.03597290441393852
164,168,7Networks_RH_Cont_Temp_1,Cont,84,0.01164190098643303,0.008324675261974335,-0.046338554471731186,-0.05466322600841522
165,90,7Networks_LH_Default_PFC_8,Default,68,0.011631007306277752,0.007528710179030895,-0.004775429610162973,-0.012304139323532581
166,49,7Networks_LH_SalVentAttn_FrOperIns_3,SalVentAttn,106,0.011615236289799213,0.004352780058979988,0.006606746464967728,0.0022539664059877396
167,123,7Networks_RH_SomMot_8,SomMot,64,0.011528795585036278,0.0067349206656217575,0.05720704048871994,0.05047211796045303
168,167,7Networks_RH_Cont_Par_3,Cont,105,0.011493624188005924,0.001366275828331709,0.05162469297647476,0.05025841295719147
169,51,7Networks_LH_SalVentAttn_PFCl_1,SalVentAttn,137,0.01148560456931591,0.009151425212621689,0.013578849844634533,0.004427424166351557
170,164,7Networks_RH_Limbic_TempPole_3,Limbic,69,0.01146259531378746,0.008368076756596565,-0.017636695876717567,-0.026004770770668983
171,179,7Networks_RH_Cont_Cing_2,Cont,64,0.011241606436669827,0.004387281369417906,-0.0024531204253435135,-0.006840402260422707
172,64,7Networks_LH_Cont_Temp_1,Cont,94,0.0111821498721838,0.010691298171877861,-0.09345591068267822,-0.10414721071720123
173,157,7Networks_RH_SalVentAttn_Med_2,SalVentAttn,67,0.011123519390821457,0.008853144943714142,0.051242999732494354,0.04238985851407051
174,169,7Networks_RH_Cont_PFCv_1,Cont,43,0.011058502830564976,0.006387429311871529,-0.010023280046880245,-0.016410714015364647
175,18,7Networks_LH_SomMot_4,SomMot,151,0.011018475517630577,-0.0031735722441226244,-0.0345684215426445,-0.0313948430120945
176,23,7Networks_LH_SomMot_9,SomMot,125,0.010948700830340385,0.00100551953073591,-0.05001217499375343,-0.05101770907640457
177,54,7Networks_LH_SalVentAttn_Med_3,SalVentAttn,88,0.010935183614492416,0.006496973801404238,-0.05387236177921295,-0.060369327664375305
178,21,7Networks_LH_SomMot_7,SomMot,118,0.01091704424470663,0.0042667570523917675,0.016544193029403687,0.012277432717382908
179,122,7Networks_RH_SomMot_7,SomMot,91,0.010895982384681702,0.003209100104868412,0.03304483741521835,0.029835740104317665
180,153,7Networks_RH_SalVentAttn_FrOperIns_2,SalVentAttn,60,0.010813354514539242,0.004258717875927687,0.022515153512358665,0.01825643517076969
181,48,7Networks_LH_SalVentAttn_FrOperIns_2,SalVentAttn,145,0.010732218623161316,-0.001018494600430131,0.053295865654945374,0.05431436374783516
182,189,7Networks_RH_Default_Temp_5,Default,76,0.010686707682907581,0.008433707058429718,-0.32280096411705017,-0.3312346935272217
183,124,7Networks_RH_SomMot_9,SomMot,76,0.010644542053341866,0.0050360579043626785,0.03187558799982071,0.02683953195810318
184,118,7Networks_RH_SomMot_3,SomMot,97,0.010299193672835827,-0.0008955008233897388,0.0024733629543334246,0.0033688624389469624
185,171,7Networks_RH_Cont_PFCl_2,Cont,68,0.010154959745705128,0.00782189704477787,0.025569137185811996,0.017747238278388977
186,126,7Networks_RH_SomMot_11,SomMot,71,0.010087098926305771,0.006875017192214727,0.04225635528564453,0.035381343215703964
187,47,7Networks_LH_SalVentAttn_FrOperIns_1,SalVentAttn,111,0.009973205626010895,0.0028308681212365627,-0.00048157665878534317,-0.003312445478513837
188,166,7Networks_RH_Cont_Par_2,Cont,47,0.009662234224379063,0.004781260620802641,0.03759552910923958,0.03281427174806595
189,154,7Networks_RH_SalVentAttn_FrOperIns_3,SalVentAttn,92,0.00964895635843277,9.16423014132306e-05,0.052559543401002884,0.05246790498495102
190,19,7Networks_LH_SomMot_5,SomMot,118,0.00945904292166233,0.004547435324639082,-0.0387699194252491,-0.04331735894083977
191,56,7Networks_LH_Limbic_OFC_2,Limbic,142,0.009347143582999706,0.0075058601796627045,-0.030196253210306168,-0.03770211711525917
192,196,7Networks_RH_Default_PFCdPFCm_6,Default,57,0.009334451518952847,0.008780677802860737,-0.026992689818143845,-0.035773370414972305
193,172,7Networks_RH_Cont_PFCl_3,Cont,103,0.00925122108310461,0.0018246356630697846,0.017762813717126846,0.015938185155391693
194,180,7Networks_RH_Cont_PFCmp_1,Cont,89,0.009188679046928883,0.0012978469021618366,0.02979031577706337,0.02849246934056282
195,159,7Networks_RH_Limbic_OFC_1,Limbic,92,0.008941645734012127,0.0059825461357831955,-0.021726174280047417,-0.027708714827895164
196,22,7Networks_LH_SomMot_8,SomMot,121,0.00893533043563366,0.0011844210093840957,-0.004092922434210777,-0.005277344956994057
197,156,7Networks_RH_SalVentAttn_Med_1,SalVentAttn,139,0.00848590862005949,0.0026964014396071434,0.0708746463060379,0.06817824393510818
198,20,7Networks_LH_SomMot_6,SomMot,134,0.008355227299034595,0.004044687375426292,-0.0015459285350516438,-0.0055906157940626144
199,52,7Networks_LH_SalVentAttn_Med_1,SalVentAttn,126,0.007986151613295078,0.004777783993631601,0.03435487672686577,0.029577096924185753
200,161,7Networks_RH_Limbic_OFC_3,Limbic,63,0.00712199229747057,0.004054132848978043,0.01984556019306183,0.015791429206728935
201,0,Background,?,1380,0.0069577512331306934,0.0037687718868255615,-0.05863392725586891,-0.06240269914269447
